{"current":{"color_background_body":"#ffffff","color_text_link":"#000000","color_text":"#111111","color_border":"#aaaaaa","color_header_text":"#000000","color_header_bg":"#ffffff","color_text_footer":"#ffffff","color_background_footer":"#03265b","color_background_button":"#d7a645","color_text_button":"#ffffff","color_products_stock_good":"#3C9342","font_logo":"plantin_n3","capitalize_logo":false,"logo_base_size":42,"font_heading":"plantin_n3","capitalize_headings":false,"heading_letter_spacing":-10,"heading_base_size":42,"heading_mobile_base_scale":85,"font_body":"twentieth_century_n4","body_letter_spacing":0,"body_base_size":19,"body_mobile_base_scale":95,"capitalize_navigation":true,"navigation_letter_spacing":40,"navigation_base_size":15,"product_listing_title_uppercase":true,"product_listing_title_letter_spacing":50,"capitalize_buttons":true,"buttons_letter_spacing":50,"swatch_shape":"round","custom_swatch_colors":"","sold_out_product_price_display":"show","sale_badge_format":"sale_text","custom_product_badge_group_1_tag_names":"Responsible","custom_product_badge_group_1_color":"#000000","custom_product_badge_group_2_tag_names":"Best seller","custom_product_badge_group_2_color":"#7e6b45","custom_product_badge_group_3_tag_names":"New","custom_product_badge_group_3_color":"#000000","custom_product_badge_group_4_tag_names":"","uppercase_badges":true,"product_listing_show_vendor":false,"enable_quick_view":true,"enable_product_card_swatches":true,"product_listing_aspect_ratio":"portrait","product_listing_show_discount":true,"product_listing_discount_format":"percent_off","product_listing_show_sale_badge":true,"product_listing_show_custom_badges":true,"cart_item_aspect_ratio":"natural","enable_free_shipping_bar":true,"free_shipping_threshold":"1000","enable_cross_sells":true,"collection":"best-seller","searchable_fields_variant_title":false,"searchable_fields_vendor":false,"quick_search_product_style":"list","quick_search_show_vendor":false,"quick_search_suggested_heading":"Popular collections","quick_search_suggested_links":["bestsellers","co-ord-sets","qlassics","basics","dresses"],"social_facebook_link":"https:\/\/www.facebook.com\/oodeypore\/","social_instagram_link":"https:\/\/www.instagram.com\/oodeypore\/?igsh=MXJsc2h0Z2ZldWtpbg%3D%3D","social_linkedin_link":"","social_tiktok_link":"","social_twitter_link":"","social_youtube_link":"","favicon":"shopify:\/\/shop_images\/1DB195D6-0B82-4834-8E46-7A811C3A27FE.png","enable_back_to_top":true,"back_to_top_position":"bottom-left","content_for_index":[]},"presets":{"Vogue":{"color_background_body":"#ffffff","color_text_link":"#000000","color_text":"#111111","color_border":"#aaaaaa","color_header_text":"#000000","color_header_bg":"#ffffff","color_text_footer":"#ffffff","color_background_footer":"#000000","color_background_button":"#111111","color_text_button":"#ffffff","color_products_stock_good":"#3C9342","font_logo":"itc_clearface_n4","capitalize_logo":true,"logo_base_size":32,"font_heading":"itc_stepp_n7","capitalize_headings":true,"heading_letter_spacing":0,"heading_base_size":60,"heading_mobile_base_scale":80,"font_body":"neuzeit_s_n4","body_letter_spacing":0,"body_base_size":17,"body_mobile_base_scale":95,"capitalize_navigation":false,"navigation_letter_spacing":-5,"navigation_base_size":17,"product_listing_title_uppercase":true,"product_listing_title_letter_spacing":50,"capitalize_buttons":true,"buttons_letter_spacing":50,"sale_badge_format":"percent_off","custom_product_badge_group_1_tag_names":"Responsible","custom_product_badge_group_1_color":"#3C9342","custom_product_badge_group_2_tag_names":"Best seller","custom_product_badge_group_2_color":"#7e6b45","custom_product_badge_group_3_tag_names":"New","custom_product_badge_group_3_color":"#000000","custom_product_badge_group_4_tag_names":"","uppercase_badges":true,"product_listing_show_vendor":true,"enable_quick_view":true,"product_listing_aspect_ratio":"portrait","product_listing_show_discount":false,"product_listing_discount_format":"sale_text","product_listing_show_custom_badges":true,"cart_item_aspect_ratio":"natural","enable_free_shipping_bar":false,"free_shipping_threshold":"250","quick_search_product_style":"columns","quick_search_show_vendor":false,"quick_search_suggested_heading":"Popular collections","social_facebook_link":"#","social_instagram_link":"#","social_tiktok_link":"#","social_twitter_link":"#"},"Chic":{"color_background_body":"#ffffff","color_text_link":"#000000","color_text":"#111111","color_border":"#aaaaaa","color_header_text":"#000000","color_header_bg":"#ffffff","color_text_footer":"#ffffff","color_background_footer":"#000000","color_background_button":"#111111","color_text_button":"#ffffff","color_products_stock_good":"#3C9342","font_logo":"plantin_n3","capitalize_logo":false,"logo_base_size":42,"font_heading":"plantin_n3","capitalize_headings":false,"heading_letter_spacing":-10,"heading_base_size":42,"heading_mobile_base_scale":85,"font_body":"twentieth_century_n4","body_letter_spacing":0,"body_base_size":19,"body_mobile_base_scale":95,"capitalize_navigation":true,"navigation_letter_spacing":40,"navigation_base_size":15,"product_listing_title_uppercase":true,"product_listing_title_letter_spacing":50,"capitalize_buttons":true,"buttons_letter_spacing":50,"sale_badge_format":"sale_text","custom_product_badge_group_1_tag_names":"Responsible","custom_product_badge_group_1_color":"#000000","custom_product_badge_group_2_tag_names":"Best seller","custom_product_badge_group_2_color":"#7e6b45","custom_product_badge_group_3_tag_names":"New","custom_product_badge_group_3_color":"#000000","custom_product_badge_group_4_tag_names":"","uppercase_badges":true,"product_listing_show_vendor":true,"enable_quick_view":true,"product_listing_aspect_ratio":"portrait","product_listing_show_discount":true,"product_listing_discount_format":"percent_off","product_listing_show_custom_badges":true,"cart_item_aspect_ratio":"natural","enable_free_shipping_bar":false,"free_shipping_threshold":"250","quick_search_product_style":"list","quick_search_show_vendor":false,"quick_search_suggested_heading":"Popular collections","social_facebook_link":"#","social_instagram_link":"#","social_tiktok_link":"#","social_twitter_link":"#"},"Organic":{"color_background_body":"#ffffff","color_text_link":"#102b26","color_text":"#102b26","color_border":"#bdbfbf","color_header_text":"#031612","color_header_bg":"#ffffff","color_text_footer":"#0c231e","color_background_footer":"#ebf0f2","color_background_button":"#113035","color_text_button":"#daf4b1","color_products_stock_good":"#3C9342","font_logo":"syne_n7","capitalize_logo":true,"logo_base_size":45,"font_heading":"syne_n4","capitalize_headings":false,"heading_letter_spacing":-10,"heading_base_size":44,"heading_mobile_base_scale":84,"font_body":"dm_sans_n4","body_letter_spacing":0,"body_base_size":16,"body_mobile_base_scale":96,"capitalize_navigation":false,"navigation_letter_spacing":0,"navigation_base_size":16,"product_listing_title_uppercase":false,"product_listing_title_letter_spacing":0,"capitalize_buttons":false,"buttons_letter_spacing":0,"sale_badge_format":"sale_text","custom_product_badge_group_1_tag_names":"Responsible","custom_product_badge_group_1_color":"#3C9342","custom_product_badge_group_2_tag_names":"Best Seller","custom_product_badge_group_2_color":"#01150f","custom_product_badge_group_3_tag_names":"New","custom_product_badge_group_3_color":"#01150f","uppercase_badges":false,"product_listing_show_vendor":false,"enable_quick_view":true,"product_listing_aspect_ratio":"portrait","product_listing_show_discount":true,"product_listing_discount_format":"percent_off","product_listing_show_custom_badges":true,"cart_item_aspect_ratio":"natural","enable_free_shipping_bar":true,"free_shipping_threshold":"50","quick_search_product_style":"list_thumbnails","quick_search_show_vendor":false,"quick_search_suggested_heading":"Quick links","social_facebook_link":"#","social_instagram_link":"#","social_tiktok_link":"#","social_twitter_link":"#"},"Craft":{"color_background_body":"#f4f2f1","color_text_link":"#706b5f","color_text":"#706b5f","color_border":"#c9c5be","color_header_text":"#706b5f","color_header_bg":"#ffffff","color_text_footer":"#686359","color_background_footer":"#efeae9","color_background_button":"#6b5876","color_text_button":"#ffffff","color_products_stock_good":"#798c5e","font_logo":"itc_caslon_no_224_n4","capitalize_logo":false,"logo_base_size":32,"font_heading":"itc_galliard_n4","capitalize_headings":false,"heading_letter_spacing":-10,"heading_base_size":44,"heading_mobile_base_scale":80,"font_body":"basic_commercial_n4","body_letter_spacing":5,"body_base_size":16,"body_mobile_base_scale":100,"capitalize_navigation":false,"navigation_letter_spacing":0,"navigation_base_size":16,"product_listing_title_uppercase":false,"product_listing_title_letter_spacing":0,"capitalize_buttons":true,"buttons_letter_spacing":50,"sale_badge_format":"sale_text","custom_product_badge_group_1_tag_names":"Responsible","custom_product_badge_group_1_color":"#3C9342","custom_product_badge_group_2_tag_names":"Best seller","custom_product_badge_group_2_color":"#7e6b45","custom_product_badge_group_3_tag_names":"New","custom_product_badge_group_3_color":"#000000","custom_product_badge_group_4_tag_names":"","uppercase_badges":false,"product_listing_show_vendor":false,"enable_quick_view":true,"product_listing_aspect_ratio":"square","product_listing_show_discount":false,"product_listing_discount_format":"sale_text","product_listing_show_custom_badges":true,"cart_item_aspect_ratio":"square","enable_free_shipping_bar":true,"free_shipping_threshold":"150","quick_search_product_style":"columns","quick_search_show_vendor":false,"quick_search_suggested_heading":"Popular collections","social_facebook_link":"#","social_instagram_link":"#","social_tiktok_link":"#","social_twitter_link":"#"}},"platform_customizations":{"custom_css":["::-webkit-scrollbar-track {-webkit-box-shadow: inset 0 0 6px rgba(0, 0, 0, 0.3); background-color: #f5f5f5;}","::-webkit-scrollbar {width: 6px; background-color: #f5f5f5;}","::-webkit-scrollbar-thumb {background-color: #01245a;}"]}}