{"sections":{"banner":{"type":"main-collection-banner","settings":{"show_breadcrumbs":true,"show_collection_description":true,"show_collection_image":false,"image_aspect":"custom","desktop_height":100,"mobile_height":100,"focal_point":"image_presentation","text_position":"center_center","text_position_mobile":"center_center","text_color":"#ffffff","color_overlay":"#000000","color_overlay_gradient":"","overlay_opacity":0,"enable_animation":true,"section_padding":"section--vertical-padding-none"}},"product-grid":{"type":"main-collection-product-grid","custom_css":[],"settings":{"columns_desktop":"4","columns_mobile":"2","rows":"4","show_item_count":true,"show_sort":true,"show_filters":true,"enable_sticky_filter_bar":true,"desktop_filter_location":"sidebar","collapse_filter_bar":true,"enable_sticky_filter_sidebar":true,"collapse_filter_groups_desktop":true,"collapse_filter_groups_mobile":true,"show_swatch_filters":true,"show_chip_filters":true,"chip_layout":"3col","pagination":"infinite","enable_animation":true,"divider_style":"none"}}},"order":["banner","product-grid"]}