{"sections":{"banner":{"type":"main-collection-banner","disabled":true,"settings":{"show_breadcrumbs":false,"show_collection_description":true,"show_collection_image":false,"image_aspect":"custom","desktop_height":100,"mobile_height":100,"focal_point":"image_presentation","text_position":"center_center","text_position_mobile":"center_center","text_color":"#ffffff","color_overlay":"#000000","color_overlay_gradient":"","overlay_opacity":30,"enable_animation":true,"section_padding":"section--vertical-padding-none"}},"sales-banner":{"type":"sales-banner","settings":{"min_height":500,"min_height_mobile":500,"sale_type":"","sale_amount":"Sale","sale_unit":"none","terms_and_conditions":"upto 40% off","terms_vertical_offset":0,"sale_font_size":150,"sale_font_size_mobile":150,"currency_symbol_position":"before","heading":"Announce your sale","heading_tag":"h2","heading_font_class":"fs-heading-3-base","text":"<p>all your go to outfits at the lowest price.<\/p>","link":"shopify:\/\/collections\/sale","link_text":"Shop NOW","button_style":"btn--secondary","link_2":"","link_text_2":"","button_style_2":"btn--secondary","focal_point":"image_presentation","mobile_focal_point":"image_presentation","text_color":"#ffffff","button_background_color":"#ffffff","button_text_color":"#000000","background_color":"#c51c26","color_overlay":"#000000","color_overlay_gradient":"","overlay_opacity":0,"layout":"two-columns","enable_animation":true,"show_frame":false,"full_width":true,"section_padding":"section--vertical-padding-bottom-only"}},"collection-list-grid":{"type":"collection-list-grid","disabled":true,"settings":{"heading":"","heading_tag":"h2","subheading":"","link":"","link_text":"","columns":"4","mobile_columns":"2","collection_list":[],"collection_listing_aspect_ratio":"square","label_style":"overlay","overlay_title_background_style":"solid","overlay_text_color":"#ffffff","overlay_title_background":"#c51c26","enable_animation":true,"divider_style":"none","section_padding":"section--vertical-padding-bottom-only"}},"multi-column":{"type":"multi-column","blocks":{"block-0":{"type":"image_column","settings":{"image":"shopify:\/\/shop_images\/DSC8859.jpg","image_width":100,"aspect_ratio":"square","enable_image_crop_circle":false,"focal_point":"image_presentation","image_position":"above_text","image_link":"","small_caption":"Sale Collection","accent":"","heading":"","heading_tag":"h3","heading_font_class":"fs-heading-4-base","text":"","text_font_class":"fs-body-100","text_max_width":100,"link":"","link_text":"","button_style":"btn--callout"}},"block-1":{"type":"image_column","settings":{"image_width":100,"aspect_ratio":"square","enable_image_crop_circle":false,"focal_point":"image_presentation","image_position":"above_text","image_link":"","small_caption":"Sale Collection","accent":"","heading":"","heading_tag":"h3","heading_font_class":"fs-heading-4-base","text":"","text_font_class":"fs-body-100","text_max_width":100,"link":"","link_text":"","button_style":"btn--callout"}},"block-2":{"type":"image_column","settings":{"image_width":100,"aspect_ratio":"square","enable_image_crop_circle":false,"focal_point":"image_presentation","image_position":"above_text","image_link":"","small_caption":"Sale Collection","accent":"","heading":"","heading_tag":"h3","heading_font_class":"fs-heading-4-base","text":"","text_font_class":"fs-body-100","text_max_width":100,"link":"","link_text":"","button_style":"btn--callout"}},"block-3":{"type":"image_column","settings":{"image_width":100,"aspect_ratio":"square","enable_image_crop_circle":false,"focal_point":"image_presentation","image_position":"above_text","image_link":"","small_caption":"Sale Collection","accent":"","heading":"","heading_tag":"h3","heading_font_class":"fs-heading-4-base","text":"","text_font_class":"fs-body-100","text_max_width":100,"link":"","link_text":"","button_style":"btn--callout"}},"block-4":{"type":"image_column","settings":{"image_width":100,"aspect_ratio":"square","enable_image_crop_circle":false,"focal_point":"image_presentation","image_position":"above_text","image_link":"","small_caption":"Sale Collection","accent":"","heading":"","heading_tag":"h3","heading_font_class":"fs-heading-4-base","text":"","text_font_class":"fs-body-100","text_max_width":100,"link":"","link_text":"","button_style":"btn--callout"}}},"block_order":["block-0","block-1","block-2","block-3","block-4"],"disabled":true,"settings":{"title":"","heading_tag":"h2","subheading":"","heading_font_class":"fs-heading-3-base","heading_alignment":"left","content_vertical_alignment":"top","content_background_padding":"large","columns":"5","column_spacing":28,"row_spacing":28,"column_alignment":"center","enable_slider_mobile":false,"columns_mobile":"2","column_spacing_mobile":16,"row_spacing_mobile":36,"column_alignment_mobile":"left","background_behind_columns":false,"background_color":"rgba(0,0,0,0)","text_color":"#000000","button_background_color":"#000000","button_text_color":"#ffffff","enable_animation":true,"divider_style":"none","section_padding":"section--vertical-padding-none"}},"image-with-text":{"type":"image-with-text","blocks":{"block-0":{"type":"accent","settings":{"accent":"Accent"}},"block-1":{"type":"heading","settings":{"title":"Image with text","heading_tag":"h2","heading_font_class":"fs-heading-display-2"}},"block-2":{"type":"text","settings":{"text":"<p>Use these sections to promote a particular feature with editorial photography<\/p>","text_font_class":"fs-body-200"}},"block-3":{"type":"button","settings":{"link":"","link_text":"Read more","button_style":"btn--primary"}},"block-4":{"type":"button","settings":{"link":"","link_text":"Read more","button_style":"btn--secondary"}}},"block_order":["block-0","block-1","block-2","block-3","block-4"],"settings":{"image_position":"right","text_alignment":"center","image":"shopify:\/\/shop_images\/DSC8806.jpg","aspect_ratio":"natural","focal_point":"image_presentation","image_caption":"","show_small_image":false,"image_small_aspect_ratio":"square","image_small_focal_point":"center","background_color":"","text_color":"#000000","button_background_color":"#000000","button_text_color":"#ffffff","enable_animation":true,"divider_style":"none","section_padding":"section--vertical-padding-bottom-only"}},"grid":{"type":"grid","blocks":{"item_e9DQfd":{"type":"item","settings":{"width":"100","height":500,"mobile_height":500,"media_fit":"cover","focal_point":"image_presentation","mobile_focal_point":"image_presentation","text_position":"center_center","accent":"","title":"Grid item","heading_tag":"h3","heading_font_class":"fs-heading-2-base","subheading":"<p>Perfect for lookbooks and editorial photography<\/p>","subheading_tag":"h4","subheading_font_class":"fs-heading-5-base","text":"","text_font_class":"fs-body-100","link":"","link_text":"","button_style":"btn--primary","background_color":"","text_color":"#FFFFFF","button_background_color":"#FFFFFF","button_text_color":"#000000","color_overlay":"#000","color_overlay_gradient":"","overlay_opacity":30}},"block-0":{"type":"item","disabled":true,"settings":{"width":"33","height":500,"mobile_height":360,"media_fit":"cover","focal_point":"image_presentation","mobile_focal_point":"image_presentation","text_position":"flex-start_flex-end","accent":"Sale","title":"Product Name","heading_tag":"h3","heading_font_class":"fs-heading-2-base","subheading":"","subheading_tag":"h4","subheading_font_class":"fs-heading-5-base","text":"<p>Save 40% on these<\/p>","text_font_class":"fs-body-100","link":"","link_text":"Shop Now","button_style":"btn--primary","background_color":"rgba(0,0,0,0)","text_color":"#ffffff","button_background_color":"#e12c00","button_text_color":"#ffffff","color_overlay":"#000000","color_overlay_gradient":"linear-gradient(180deg, rgba(0, 0, 0, 0.15) 22%, rgba(0, 0, 0, 1) 96%)","overlay_opacity":30}},"block-1":{"type":"item","disabled":true,"settings":{"width":"33","height":500,"mobile_height":360,"media_fit":"cover","focal_point":"image_presentation","mobile_focal_point":"image_presentation","text_position":"flex-start_flex-end","accent":"Sale","title":"Product Name","heading_tag":"h3","heading_font_class":"fs-heading-2-base","subheading":"","subheading_tag":"h4","subheading_font_class":"fs-heading-5-base","text":"<p>Save 50% on this best seller<\/p>","text_font_class":"fs-body-100","link":"","link_text":"Shop now","button_style":"btn--primary","background_color":"rgba(0,0,0,0)","text_color":"#ffffff","button_background_color":"#e12c00","button_text_color":"#ffffff","color_overlay":"#000000","color_overlay_gradient":"linear-gradient(180deg, rgba(0, 0, 0, 0.15) 22%, rgba(0, 0, 0, 1) 96%)","overlay_opacity":30}},"block-2":{"type":"item","settings":{"width":"33","height":500,"mobile_height":360,"media_fit":"cover","focal_point":"image_presentation","mobile_focal_point":"image_presentation","text_position":"flex-start_flex-end","accent":"Sale","title":"Product Name","heading_tag":"h3","heading_font_class":"fs-heading-2-base","subheading":"","subheading_tag":"h4","subheading_font_class":"fs-heading-5-base","text":"<p>Save 50% on this best seller<\/p>","text_font_class":"fs-body-100","link":"","link_text":"SHop now","button_style":"btn--primary","background_color":"rgba(0,0,0,0)","text_color":"#ffffff","button_background_color":"#e12c00","button_text_color":"#ffffff","color_overlay":"#000000","color_overlay_gradient":"linear-gradient(180deg, rgba(0, 0, 0, 0.15) 22%, rgba(0, 0, 0, 1) 96%)","overlay_opacity":30}}},"block_order":["item_e9DQfd","block-0","block-1","block-2"],"disabled":true,"settings":{"heading":"","heading_tag":"h2","subheading":"","content_alignment":"left","enable_animation":true,"full_width":false,"spacing":24,"divider_style":"none","section_padding":"section--vertical-padding-top-bottom"}},"product-grid":{"type":"main-collection-product-grid","settings":{"columns_desktop":"4","columns_mobile":"2","rows":"4","show_item_count":true,"show_sort":true,"show_filters":true,"enable_sticky_filter_bar":true,"desktop_filter_location":"filter_bar","collapse_filter_bar":false,"enable_sticky_filter_sidebar":true,"collapse_filter_groups_desktop":true,"collapse_filter_groups_mobile":true,"show_swatch_filters":true,"show_chip_filters":true,"chip_layout":"3col","pagination":"paginated","enable_animation":true,"divider_style":"solid"}}},"order":["banner","sales-banner","collection-list-grid","multi-column","image-with-text","grid","product-grid"]}