{"sections":{"banner":{"type":"main-collection-banner","disabled":true,"settings":{"show_breadcrumbs":false,"show_collection_description":true,"show_collection_image":false,"image_aspect":"custom","desktop_height":100,"mobile_height":100,"focal_point":"image_presentation","text_position":"center_center","text_position_mobile":"center_center","text_color":"#ffffff","color_overlay":"#000000","color_overlay_gradient":"","overlay_opacity":30,"enable_animation":true,"section_padding":"section--vertical-padding-none"}},"countdown-banner":{"type":"countdown-banner","disabled":true,"settings":{"min_height":490,"min_height_mobile":500,"year":2023,"month":"january","day":"1","hour":"0","minute":"0","time_zone_selection":"shop","hide_timer_on_complete":false,"timer_complete_message":"","heading":"Flash Sale","heading_tag":"h4","heading_font_class":"fs-heading-1-base","subheading":"<p>Use this timer to create urgency or highlight an upcoming event.<\/p>","text":"","link":"","link_text":"Optional button","button_style":"btn--secondary","link_2":"","link_text_2":"","button_style_2":"btn--secondary","focal_point":"image_presentation","mobile_focal_point":"image_presentation","text_color":"#ffffff","button_background_color":"#ffffff","button_text_color":"#000000","background_color":"#c51c26","color_overlay":"#000000","color_overlay_gradient":"","overlay_opacity":0,"enable_animation":true,"show_frame":false,"full_width":true,"section_padding":"section--vertical-padding-bottom-only"}},"countdown-bar":{"type":"countdown-bar","disabled":true,"settings":{"min_height":165,"min_height_mobile":60,"year":2025,"month":"january","day":"1","hour":"0","minute":"0","time_zone_selection":"shop","hide_timer_on_complete":true,"timer_complete_message":"","heading":"Flash Sale","heading_tag":"h4","text":"<p>Hurry Up! Unbeatable Discounts at Oodeypoore!<\/p>","link":"","link_text":"","button_style":"btn--secondary","focal_point":"image_presentation","mobile_focal_point":"image_presentation","text_color":"#ffffff","button_background_color":"#ffffff","button_text_color":"#000000","background_color":"#d7a645","color_overlay":"#000000","color_overlay_gradient":"","overlay_opacity":0,"enable_animation":true,"full_width":true,"section_padding":"section--vertical-padding-bottom-only"}},"image-with-text":{"type":"image-with-text","blocks":{"block-0":{"type":"accent","settings":{"accent":"Accent"}},"block-1":{"type":"heading","settings":{"title":"Featured Collection","heading_tag":"h2","heading_font_class":"fs-heading-display-2"}},"block-2":{"type":"text","settings":{"text":"<p>Save up to 40%<\/p>","text_font_class":"fs-body-200"}},"block-3":{"type":"button","settings":{"link":"","link_text":"Read more","button_style":"btn--primary"}},"block-4":{"type":"button","settings":{"link":"","link_text":"Read more","button_style":"btn--secondary"}}},"block_order":["block-0","block-1","block-2","block-3","block-4"],"disabled":true,"settings":{"image_position":"right","text_alignment":"center","aspect_ratio":"natural","focal_point":"image_presentation","image_caption":"","show_small_image":false,"image_small_aspect_ratio":"square","image_small_focal_point":"center","background_color":"","text_color":"#000000","button_background_color":"#000000","button_text_color":"#ffffff","enable_animation":true,"divider_style":"none","section_padding":"section--vertical-padding-bottom-only"}},"product-grid":{"type":"main-collection-product-grid","settings":{"columns_desktop":"4","columns_mobile":"2","rows":"4","show_item_count":true,"show_sort":true,"show_filters":true,"enable_sticky_filter_bar":true,"desktop_filter_location":"sidebar","collapse_filter_bar":true,"enable_sticky_filter_sidebar":true,"collapse_filter_groups_desktop":true,"collapse_filter_groups_mobile":true,"show_swatch_filters":true,"show_chip_filters":true,"chip_layout":"3col","pagination":"infinite","enable_animation":true,"divider_style":"solid"}}},"order":["banner","countdown-banner","countdown-bar","image-with-text","product-grid"]}