{"sections":{"banner":{"type":"main-collection-banner","disabled":true,"settings":{"show_breadcrumbs":false,"show_collection_description":true,"show_collection_image":true,"image_aspect":"custom","desktop_height":80,"mobile_height":75,"focal_point":"image_presentation","text_position":"center_center","text_position_mobile":"center_center","text_color":"#ffffff","color_overlay":"#000000","color_overlay_gradient":"","overlay_opacity":30,"enable_animation":true,"section_padding":"section--vertical-padding-none"}},"e8289b2a-2c1f-4994-a502-d64d48fdbdc7":{"type":"image-hero","settings":{"image_aspect":"original","desktop_height":100,"mobile_height":100,"image":"shopify:\/\/shop_images\/qlassics_1.png","focal_point":"center","mobile_focal_point":"image_presentation","media_link":"","text_position":"center_center","text_position_mobile":"center_center","text_color":"#ffffff","button_background_color":"#ffffff","button_text_color":"#000000","color_overlay":"#000000","color_overlay_gradient":"","overlay_opacity":0,"enable_animation":true,"section_padding":"section--vertical-padding-none"}},"rich-text-1":{"type":"rich-text","blocks":{"cc36d194-2cfa-4aaf-b55a-917710d266c3":{"type":"heading","settings":{"title":"QLASSICS","heading_font_class":"fs-heading-2-base"}},"block-0":{"type":"text","settings":{"text":"<p>Shop our Qlassics, that never go out of style!<\/p>","text_font_class":"fs-body-200"}}},"block_order":["cc36d194-2cfa-4aaf-b55a-917710d266c3","block-0"],"settings":{"alignment":"center_center","enable_animation":true,"divider_style":"none","section_padding":"section--vertical-padding-top-bottom","content_width":"custom","custom_content_width":700}},"product-grid":{"type":"main-collection-product-grid","settings":{"columns_desktop":"4","columns_mobile":"2","rows":"4","show_item_count":true,"show_sort":true,"show_filters":true,"enable_sticky_filter_bar":true,"desktop_filter_location":"filter_bar","collapse_filter_bar":true,"enable_sticky_filter_sidebar":true,"collapse_filter_groups_desktop":true,"collapse_filter_groups_mobile":true,"show_swatch_filters":true,"show_chip_filters":true,"chip_layout":"3col","pagination":"click","enable_animation":true,"divider_style":"solid"}}},"order":["banner","e8289b2a-2c1f-4994-a502-d64d48fdbdc7","rich-text-1","product-grid"]}