{"sections":{"main":{"type":"main-page","disabled":true,"settings":{"enable_animation":true,"content_width":"custom","custom_content_width":700}},"ss_circle_menu_nJRKpy":{"type":"ss-circle-menu","blocks":{"image_MQ97fq":{"type":"Image","settings":{"bubble_img":"shopify:\/\/shop_images\/2_ff0fbdf0-7f6c-4421-b10b-c3e72724368a.png","bubble_text":"Sale","bubble_link":"shopify:\/\/collections\/sale"}},"image_gDKYyi":{"type":"Image","settings":{"bubble_img":"shopify:\/\/shop_images\/3.png","bubble_text":"Co-ord Set","bubble_link":"shopify:\/\/collections\/co-ord-sets"}},"image_DzpbYD":{"type":"Image","settings":{"bubble_img":"shopify:\/\/shop_images\/6.png","bubble_text":"Dresses","bubble_link":"shopify:\/\/collections\/dresses"}},"image_mrYgNz":{"type":"Image","settings":{"bubble_img":"shopify:\/\/shop_images\/5_1.png","bubble_text":"Festive Wear","bubble_link":"shopify:\/\/collections\/festive-picks"}},"image_LVBMfJ":{"type":"Image","settings":{"bubble_img":"shopify:\/\/shop_images\/4.png","bubble_text":"Travel Wear","bubble_link":"shopify:\/\/collections\/travel-styles"}},"image_zfqeHh":{"type":"Image","settings":{"bubble_img":"shopify:\/\/shop_images\/7_1.png","bubble_text":"Tops","bubble_link":"shopify:\/\/collections\/tops"}},"image_YiNPQE":{"type":"Image","settings":{"bubble_img":"shopify:\/\/shop_images\/8_1.png","bubble_text":"Kurta Set","bubble_link":"shopify:\/\/collections\/kurta-sets"}}},"block_order":["image_MQ97fq","image_gDKYyi","image_DzpbYD","image_mrYgNz","image_LVBMfJ","image_zfqeHh","image_YiNPQE"],"settings":{"slider_width":100,"slider_gap":0,"slider_gap_mobile":0,"icon_size":140,"icon_size_mobile":74,"icon_space":0,"icon_space_mobile":0,"icon_border_thickness":0,"icon_square":false,"text_custom":true,"text_font":"josefin_sans_n4","text_size":12,"text_size_mobile":10,"text_height":130,"text_mt":8,"icon_border_color":"#000000","icon_border_gradient":"","text_color":"#000000","background_color":"#ffffff","background_gradient":"","border_color":"#000000","border_gradient":"","margin_top":0,"margin_bottom":0,"padding_top":0,"padding_bottom":0,"padding_horizontal":0,"padding_horizontal_mobile":0,"full_width":true,"content_width":150,"border_thickness":0,"lazy":true,"hide_mobile":false,"hide_desktop":false}},"slideshow_gEhXqx":{"type":"slideshow","blocks":{"slide_m8BjAt":{"type":"slide","settings":{"image":"shopify:\/\/shop_images\/special_offer_up_to_40_off-5.png","image_mobile":"shopify:\/\/shop_images\/special_offer_up_to_40_off_Your_Story_-2.png","focal_point":"image_presentation","mobile_focal_point":"image_presentation","media_link":"shopify:\/\/collections\/all","text_position":"center_center","text_position_mobile":"center_center","accent":"","title":"","heading_tag":"h2","heading_font_class":"fs-heading-display-2","subheading":"","subheading_tag":"h3","subheading_font_class":"fs-heading-5-base","text":"","text_font_class":"fs-body-100","link_1":"","link_text_1":"Read more","button_style_1":"btn--primary","link_2":"","link_text_2":"Read more","button_style_2":"btn--primary","text_color":"#ffffff","button_background_color":"#ffffff","button_text_color":"#000000","color_overlay":"#000000","color_overlay_gradient":"linear-gradient(181deg, rgba(0, 0, 0, 1), rgba(255, 204, 75, 0) 100%)","overlay_opacity":0}},"slide_GdL4jQ":{"type":"slide","settings":{"image":"shopify:\/\/shop_images\/special_offer_up_to_40_off-6.png","image_mobile":"shopify:\/\/shop_images\/special_offer_up_to_40_off_Your_Story_-3.png","focal_point":"image_presentation","mobile_focal_point":"image_presentation","media_link":"shopify:\/\/collections\/all","text_position":"center_center","text_position_mobile":"center_center","accent":"","title":"","heading_tag":"h2","heading_font_class":"fs-heading-display-2","subheading":"","subheading_tag":"h3","subheading_font_class":"fs-heading-5-base","text":"","text_font_class":"fs-body-100","link_1":"","link_text_1":"Read more","button_style_1":"btn--primary","link_2":"","link_text_2":"Read more","button_style_2":"btn--primary","text_color":"#ffffff","button_background_color":"#ffffff","button_text_color":"#000000","color_overlay":"#000000","color_overlay_gradient":"","overlay_opacity":0}}},"block_order":["slide_m8BjAt","slide_GdL4jQ"],"settings":{"image_aspect":"original","desktop_height":100,"mobile_height":100,"enable_autoplay":true,"duration_autoplay":6,"navigation_alignment":"center","navigation_color_foreground":"#ffffff","navigation_color_background":"#03265b","navigation_background_opacity":100,"enable_animation":true,"section_padding":"none"}},"featured_collection_slider_mNj8At":{"type":"featured-collection-slider","blocks":{"collection_4jgqTp":{"type":"collection","settings":{"show_view_all":true,"collection":"best-seller","collection_name":"Best Seller"}}},"block_order":["collection_4jgqTp"],"settings":{"heading":"Breathable, Vibrant, Unique","heading_tag":"h2","subheading":"<p>Your Wardrobe Reimagined<\/p>","link":"","link_text":"","maximum_products":8,"columns":"4","mobile_columns":"2","enable_animation":true,"divider_style":"none","section_padding":"section--vertical-padding-top-bottom"}},"image_hero_BL39KH":{"type":"image-hero","settings":{"image_aspect":"original","desktop_height":100,"mobile_height":100,"image":"shopify:\/\/shop_images\/last_chance_1366_x_350_px_1366_x_500_px_1366_x_390_px_-2.png","focal_point":"image_presentation","mobile_focal_point":"image_presentation","media_link":"","text_position":"center_center","text_position_mobile":"center_center","text_color":"#ffffff","button_background_color":"#ffffff","button_text_color":"#000000","color_overlay":"#000000","color_overlay_gradient":"","overlay_opacity":0,"enable_animation":true,"section_padding":"section--vertical-padding-none"}},"173251774638b34cad":{"type":"apps","settings":{"heading":"","enable_animation":true,"divider_style":"none","section_padding":"section--vertical-padding-top-bottom"}},"collection_list_slider_UFKLwn":{"type":"collection-list-slider","settings":{"heading":"Sustainable Styles, Inspired by Udaipur’s Heritage","heading_tag":"h2","subheading":"","link":"shopify:\/\/collections","link_text":"View all collections","columns":"3","mobile_columns":"1","collection_list":["co-ord-sets","dresses","kurta-sets","tops"],"collection_listing_aspect_ratio":"square","label_style":"overlay","overlay_title_background_style":"gradient","overlay_text_color":"#ffffff","overlay_title_background":"#000000","enable_animation":true,"divider_style":"none","section_padding":"section--vertical-padding-bottom-only"}},"slideshow_efwEYa":{"type":"slideshow","blocks":{"slide_CkXAFe":{"type":"slide","settings":{"image":"shopify:\/\/shop_images\/last_chance_1366_x_350_px_-2.png","image_mobile":"shopify:\/\/shop_images\/last_chance_1366_x_350_px_-2.png","focal_point":"image_presentation","mobile_focal_point":"image_presentation","media_link":"https:\/\/oodeypore.in\/collections\/sale","text_position":"center_center","text_position_mobile":"center_center","accent":"","title":"","heading_tag":"h2","heading_font_class":"fs-heading-display-2","subheading":"","subheading_tag":"h3","subheading_font_class":"fs-heading-5-base","text":"","text_font_class":"fs-body-100","link_1":"","link_text_1":"Read more","button_style_1":"btn--primary","link_2":"","link_text_2":"Read mor","button_style_2":"btn--primary","text_color":"#ffffff","button_background_color":"#ffffff","button_text_color":"#000000","color_overlay":"#000000","color_overlay_gradient":"","overlay_opacity":0}}},"block_order":["slide_CkXAFe"],"settings":{"image_aspect":"original","desktop_height":100,"mobile_height":100,"enable_autoplay":true,"duration_autoplay":6,"navigation_alignment":"center","navigation_color_foreground":"#ffffff","navigation_color_background":"","navigation_background_opacity":100,"enable_animation":true,"section_padding":"none"}},"countdown_bar_eWHGWQ":{"type":"countdown-bar","disabled":true,"settings":{"min_height":60,"min_height_mobile":60,"year":2024,"month":"december","day":"1","hour":"0","minute":"0","time_zone_selection":"shop","hide_timer_on_complete":true,"timer_complete_message":"","heading":"Enjoy 10% OFF on all our handcrafted collections!","heading_tag":"h4","text":"<p><strong>Shop Now<\/strong> and embrace the elegance of Udaipur!<\/p>","link":"shopify:\/\/collections\/best-seller","link_text":"Shop Now","button_style":"btn--secondary","focal_point":"image_presentation","mobile_focal_point":"image_presentation","text_color":"#ffffff","button_background_color":"#ffffff","button_text_color":"#000000","background_color":"#03265b","color_overlay":"#000000","color_overlay_gradient":"","overlay_opacity":0,"enable_animation":true,"full_width":false,"section_padding":"section--vertical-padding-top-bottom"}},"collection_list_slider_A3C7k3":{"type":"collection-list-slider","settings":{"heading":"Shop by Occasion","heading_tag":"h2","subheading":"","link":"shopify:\/\/collections","link_text":"","columns":"3","mobile_columns":"1","collection_list":["festive-picks","travel-styles","shadi-squad","daily-wear"],"collection_listing_aspect_ratio":"natural","label_style":"overlay","overlay_title_background_style":"gradient","overlay_text_color":"#ffffff","overlay_title_background":"#000000","enable_animation":true,"divider_style":"none","section_padding":"section--vertical-padding-top-bottom"}},"shoppable_feature_eeXBQN":{"type":"shoppable-feature","blocks":{"hotspot_YQ3XHk":{"type":"hotspot","settings":{"product_item":"surkh-set-red-3-piece-garara-with-gota-and-laffa-detailing","horizontal_position":35,"vertical_position":45}},"hotspot_b7YwBK":{"type":"hotspot","settings":{"product_item":"kashni-set-lavender-3-piece-kurta-set","horizontal_position":60,"vertical_position":40}}},"block_order":["hotspot_YQ3XHk","hotspot_b7YwBK"],"settings":{"image":"shopify:\/\/shop_images\/DSC8740.jpg","image_position":"left","image_size":55,"aspect_ratio":"natural","heading":"Artisan Threads: Crafted by Hand, Worn with Pride","heading_tag":"h2","subheading":"","link":"https:\/\/oodeypore.in\/collections\/haarshingar","link_text":"Shop Haarshingar Collection","button_style":"btn--callout","enable_animation":true,"divider_style":"none","section_padding":"section--vertical-padding-top-bottom","content_position_desktop":"inside"}},"featured_collection_slider_kGWdLt":{"type":"featured-collection-slider","blocks":{"collection_QijrFG":{"type":"collection","settings":{"show_view_all":true,"collection":"vintage-rhapsody","collection_name":"First collection"}}},"block_order":["collection_QijrFG"],"disabled":true,"settings":{"heading":"Vintage Rahpsody","heading_tag":"h2","subheading":"<p>From our atelier to your closet – this collection blends timeless charm with modern elegance, letting each piece tell a story of romance and grace. ✨<\/p>","link":"","link_text":"","maximum_products":8,"columns":"4","mobile_columns":"2","enable_animation":true,"divider_style":"none","section_padding":"section--vertical-padding-top-bottom"}},"image_with_text_3NJKGK":{"type":"image-with-text","blocks":{"heading_JTd8p3":{"type":"heading","settings":{"title":"About Oodeypore","heading_tag":"h2","heading_font_class":"fs-heading-display-3"}},"text_AqaCTJ":{"type":"text","settings":{"text":"<p>At Oodeypore, we aim to show you a little bit of Udaipur through us, made by us with the labour of love.<\/p>","text_font_class":"fs-body-100"}},"button_V4tR39":{"type":"button","settings":{"link":"shopify:\/\/pages\/about-us","link_text":"Read more","button_style":"btn--callout"}}},"block_order":["heading_JTd8p3","text_AqaCTJ","button_V4tR39"],"custom_css":["div {background: #f0f0e8;}",".image-with-text__text-container {background-image: url(\"https:\/\/cdn.shopify.com\/s\/files\/1\/0668\/4396\/7676\/files\/Untitled_design_3.png?v=1732743786\"); background-repeat: no-repeat; background-size: contain; background-position: left;}",".image-with-text__text-container-inner.section-blocks {background: none;}"],"settings":{"image_position":"right","text_alignment":"center","image":"shopify:\/\/shop_images\/IMG_1212.webp","aspect_ratio":"square","focal_point":"image_presentation","image_caption":"","show_small_image":true,"image_small":"shopify:\/\/shop_images\/IMG_1213.jpg","image_small_aspect_ratio":"square","image_small_focal_point":"image_presentation","background_color":"","text_color":"#000000","button_background_color":"#000000","button_text_color":"#ffffff","enable_animation":true,"divider_style":"none","section_padding":"section--vertical-padding-top-bottom"}},"rich_text_TPrT3t":{"type":"rich-text","blocks":{"heading_ceLwUG":{"type":"heading","settings":{"title":"Threads of Inspiration","heading_tag":"h2","heading_font_class":"fs-heading-2-base"}},"subheading_PTAftE":{"type":"subheading","settings":{"subheading":"Straight from Our Feed @Oodeypore","subheading_tag":"h3","subheading_font_class":"fs-heading-5-base"}}},"block_order":["heading_ceLwUG","subheading_PTAftE"],"settings":{"alignment":"center_center","enable_animation":true,"divider_style":"none","section_padding":"section--vertical-padding-top-only","content_width":"custom","custom_content_width":700}},"173273975355e85f8a":{"type":"apps","settings":{"heading":"","enable_animation":true,"divider_style":"none","section_padding":"section--vertical-padding-bottom-only"}},"rich_text_tJ8977":{"type":"rich-text","blocks":{"heading_HCBYNx":{"type":"heading","settings":{"title":"The Soul of Udaipur, Stitched with Love","heading_tag":"h2","heading_font_class":"fs-heading-2-base"}}},"block_order":["heading_HCBYNx"],"custom_css":["div {background: #f0f0e8;}"],"settings":{"alignment":"center_center","enable_animation":true,"divider_style":"none","section_padding":"section--vertical-padding-top-bottom","content_width":"full","custom_content_width":700}}},"order":["main","ss_circle_menu_nJRKpy","slideshow_gEhXqx","featured_collection_slider_mNj8At","image_hero_BL39KH","173251774638b34cad","collection_list_slider_UFKLwn","slideshow_efwEYa","countdown_bar_eWHGWQ","collection_list_slider_A3C7k3","shoppable_feature_eeXBQN","featured_collection_slider_kGWdLt","image_with_text_3NJKGK","rich_text_TPrT3t","173273975355e85f8a","rich_text_tJ8977"]}