{"sections":{"main":{"type":"main-page","disabled":true,"settings":{"enable_animation":true,"content_width":"custom","custom_content_width":700}},"slideshow_ftRhb3":{"type":"slideshow","blocks":{"slide_4KfTzF":{"type":"slide","settings":{"image":"shopify:\/\/shop_images\/IMG_1219.jpg","focal_point":"image_presentation","mobile_focal_point":"image_presentation","media_link":"","text_position":"center_center","text_position_mobile":"center_center","accent":"","title":"","heading_tag":"h2","heading_font_class":"fs-heading-display-2","subheading":"","subheading_tag":"h3","subheading_font_class":"fs-heading-5-base","text":"","text_font_class":"fs-body-100","link_1":"","link_text_1":"","button_style_1":"btn--primary","link_2":"","link_text_2":"","button_style_2":"btn--primary","text_color":"#ffffff","button_background_color":"#ffffff","button_text_color":"#000000","color_overlay":"#000000","color_overlay_gradient":"","overlay_opacity":0}}},"block_order":["slide_4KfTzF"],"settings":{"image_aspect":"custom","desktop_height":70,"mobile_height":70,"enable_autoplay":true,"duration_autoplay":6,"navigation_alignment":"center","navigation_color_foreground":"#ffffff","navigation_color_background":"","navigation_background_opacity":100,"enable_animation":true,"section_padding":"none"}},"image-with-text-2":{"type":"image-with-text","blocks":{"block-0":{"type":"heading","settings":{"title":"From The Desk of The Founder","heading_tag":"h2","heading_font_class":"fs-heading-1-base"}},"block-1":{"type":"text","settings":{"text":"<p>Oodeypore is a brand founded by Harshana Kumari, in the year 2018, that aspires to grow into a family that creates lifestyle products that incorporate the aesthetics of Udaipur - the fabled city of lakes - into your wardrobes, your homes and your lifestyles. Our clothing line celebrates the traditional art of hand printing, while our garments are stitched by women that belong to Bujra, a neighbouring village. This helps create an income opportunity for housewives living in the village along with a chance to portray their creative talent. In recent years, even though the census data reflects that the literacy rate for women is on the rise, very few women are actually a part of the city’s workforce. Social stigmas and communal pressures often prevent women from engaging in work opportunities beyond their neighbourhood.<\/p>","text_font_class":"fs-body-75"}},"block-2":{"type":"image","settings":{"image":"shopify:\/\/shop_images\/signature.png","image_size":130,"image_size_mobile":110}}},"block_order":["block-0","block-1","block-2"],"settings":{"image_position":"left","text_alignment":"left","image":"shopify:\/\/shop_images\/DSC_0390_455c316b-5002-49b5-bba1-fdf499a3a2fa.jpg","aspect_ratio":"square","focal_point":"image_presentation","image_caption":"","show_small_image":false,"image_small_aspect_ratio":"square","image_small_focal_point":"center","background_color":"","text_color":"#000000","button_background_color":"#000000","button_text_color":"#ffffff","enable_animation":true,"divider_style":"none","section_padding":"section--vertical-padding-top-bottom"}},"image_with_text_RVwQbU":{"type":"image-with-text","blocks":{"text_GJwQpU":{"type":"text","settings":{"text":"<p>This helps create an income opportunity for housewives living in the village along with a chance to portray their creative talent. In recent years, even though the census data reflects that the literacy rate for women is on the rise, very few women are actually a part of the city’s workforce. Social stigmas and communal pressures often prevent women from engaging in work opportunities beyond their neighbourhood.<\/p>","text_font_class":"fs-body-75"}}},"block_order":["text_GJwQpU"],"settings":{"image_position":"right","text_alignment":"left","image":"shopify:\/\/shop_images\/IMG_1216_2.jpg","aspect_ratio":"square","focal_point":"image_presentation","image_caption":"","show_small_image":true,"image_small":"shopify:\/\/shop_images\/IMG_1220.jpg","image_small_aspect_ratio":"square","image_small_focal_point":"image_presentation","background_color":"","text_color":"#000000","button_background_color":"#000000","button_text_color":"#ffffff","enable_animation":true,"divider_style":"none","section_padding":"section--vertical-padding-top-bottom"}},"rich_text_LaMnQ8":{"type":"rich-text","blocks":{"text_MY7aD9":{"type":"text","settings":{"text":"<p>Oodeypore aims to bring about a positive difference, by successfully establishing a work from home network for women in Bujra. We try to promote and incorporate sustainable fashion within the business in every way we can. With a deep passion for fashion, we create styles that transform traditional art and craft into products that align with a developed taste for our modern and chic clientele, generally people who are looking for clothes that have a unique style and at the same time are vibrant and breathable. We try to give back to society by empowering our women and by adopting methods that minimise waste and are environmentally conscious.<\/p>","text_font_class":"fs-body-100"}}},"block_order":["text_MY7aD9"],"settings":{"alignment":"center_center","enable_animation":true,"divider_style":"none","section_padding":"section--vertical-padding-top-bottom","content_width":"custom","custom_content_width":700}},"quote_aTX6Lh":{"type":"quote","blocks":{"quote_RfxgJc":{"type":"quote","settings":{"quote":"<p>“At Oodeypore, we aim to show you a little bit of Udaipur through us, made by us with the labour of love.”<\/p>","title":"","quote_tag":"h4","font_size":"medium"}}},"block_order":["quote_RfxgJc"],"custom_css":[],"settings":{"autoplay_enabled":true,"autoplay_delay":7,"pagination_style":"dots","font_choice":"heading","enable_animation":true,"divider_style":"none","section_padding":"section--vertical-padding-top-bottom"}}},"order":["main","slideshow_ftRhb3","image-with-text-2","image_with_text_RVwQbU","rich_text_LaMnQ8","quote_aTX6Lh"]}