{"sections":{"main":{"type":"main-page","disabled":true,"settings":{"enable_animation":true,"content_width":"custom","custom_content_width":700}},"rich-text-1":{"type":"rich-text","blocks":{"block-0":{"type":"heading","settings":{"title":"FAQ","heading_font_class":"fs-heading-1-base"}},"block-3":{"type":"spacer","settings":{"space":12}}},"block_order":["block-0","block-3"],"settings":{"alignment":"center_center","enable_animation":true,"divider_style":"none","section_padding":"section--vertical-padding-top-bottom","content_width":"custom","custom_content_width":700}},"rich-text-2":{"type":"rich-text","blocks":{"block-0":{"type":"heading","settings":{"title":"Orders","heading_font_class":"fs-heading-3-base"}}},"block_order":["block-0"],"settings":{"alignment":"center_center","enable_animation":false,"divider_style":"none","section_padding":"section--vertical-padding-top-bottom","content_width":"custom","custom_content_width":700}},"collapsible-row-list-1":{"type":"collapsible-row-list","blocks":{"block-0":{"type":"item","settings":{"expand_by_default":false,"icon":"none","title":"Where is my order?","text":"<p>To track the status of your order, kindly utilize your Air Waybill (AWB) number on our Shiprocket Tracking Portal.<\/p>"}},"block-1":{"type":"item","settings":{"expand_by_default":false,"icon":"none","title":"Do you deliver to my country?","text":"<p>Currently, our shipping services are limited to India, USA, UK & Europe. If you happen to reside in a different country, please reach out to us at worldofqona@gmail.com and we will gladly assist you with available options. <\/p>"}},"block-2":{"type":"item","settings":{"expand_by_default":false,"icon":"none","title":"Can I cancel my order?","text":"<p>Cancellation requests for your order can be accommodated prior to its dispatch. Once your order has been dispatched, cancellations cannot be processed. <\/p>"}},"block-3":{"type":"item","settings":{"expand_by_default":false,"icon":"none","title":"How long will it take for my order to get delivered?","text":"<p>Anticipate the delivery of your order within a timeframe of 3-4 days after you receive your shipping confirmation.<\/p>"}}},"block_order":["block-0","block-1","block-2","block-3"],"settings":{"title":"","heading_font_class":"fs-heading-3-base","subheading":"","subheading_font_class":"fs-heading-5-base","heading_alignment":"left","item_heading_font":"body","enable_animation":false,"divider_style":"none","section_padding":"section--vertical-padding-bottom-only","content_width":"custom","custom_content_width":850}},"rich-text-3":{"type":"rich-text","blocks":{"block-0":{"type":"heading","settings":{"title":"Returns","heading_font_class":"fs-heading-3-base"}}},"block_order":["block-0"],"settings":{"alignment":"center_center","enable_animation":false,"divider_style":"none","section_padding":"section--vertical-padding-top-bottom","content_width":"custom","custom_content_width":700}},"collapsible-row-list-2":{"type":"collapsible-row-list","blocks":{"block-0":{"type":"item","settings":{"expand_by_default":false,"icon":"none","title":"How do I return items?","text":"<p>To initiate a return, or exchange request please consider the following options: <br\/>Email: <a href=\"mailto:worldofqona@gmail.com\" target=\"_blank\" title=\"mailto:worldofqona@gmail.com\">worldofqona@gmail.com<\/a><br\/>Call: +91 9920016300 (10 AM - 5 PM, Mon - Fri)<br\/>WhatsApp: +919920016300<br\/><br\/>Ensure that the original product tag and packaging are intact when you send the product back.<br\/><br\/>Products can be returned or exchanged within 10 days from the date of purchase specifically for damages and size exchanges. <\/p><p>If the reason for return is different then the refundable amount will be credited to your Qona wallet for future orders. <br\/><br\/>Due to the personal nature of accessories, we are unable to accept a return or exchange for these categories. <br\/><\/p>"}},"block-1":{"type":"item","settings":{"expand_by_default":false,"icon":"none","title":"When will I receive a refund?","text":"<p>All refunds will be processed subsequent to our receipt and thorough inspection of the returned item for any damages or presence of an intact tag. Refunds will be initiated from the date of courier being received in our warehouse within 48 working hours and credited to your bank account\/UPI\/source account\/coupon within 5-7 working days after initiation.<br\/><\/p>"}},"block-2":{"type":"item","settings":{"expand_by_default":false,"icon":"none","title":"How long do I have to return my items?","text":"<p>Please ensure that a return ticket is raised within 10 days from the date of delivery. To be eligible for return, the item must retain its original tags and remain free from damages.<\/p>"}},"block-3":{"type":"item","settings":{"expand_by_default":false,"icon":"none","title":"How will I be refunded?","text":"<p>For Cash on Delivery orders, we have 2 refund options which are stated below. Prepaid order refunds are done in the source account.<br\/>QONA COUPON CODE<br\/>GIFT CARD<\/p>"}},"f8a5a871-22c1-46b0-ba66-8a0e253e500e":{"type":"item","settings":{"expand_by_default":false,"icon":"none","title":"Do you offer exchange?","text":"<p>We do not have a product exchange policy in place as of now. One can only exchange the same item with another size.<\/p><p>Our return policy is designed to ensure your satisfaction with your purchases. If you have received an item that is wrong, missing, or defective, we kindly request that you initiate a complaint within 48 hours of receiving your delivery. This allows us to promptly address the issue and provide you with a solution.<br\/>Please note - Complaints made after 48 hours will not be entertained.<\/p>"}}},"block_order":["block-0","block-1","block-2","block-3","f8a5a871-22c1-46b0-ba66-8a0e253e500e"],"settings":{"title":"","heading_font_class":"fs-heading-3-base","subheading":"","subheading_font_class":"fs-heading-5-base","heading_alignment":"left","item_heading_font":"body","enable_animation":false,"divider_style":"none","section_padding":"section--vertical-padding-bottom-only","content_width":"custom","custom_content_width":850}},"rich-text-4":{"type":"rich-text","blocks":{"block-0":{"type":"heading","settings":{"title":"Products & Sizing","heading_font_class":"fs-heading-3-base"}}},"block_order":["block-0"],"settings":{"alignment":"center_center","enable_animation":false,"divider_style":"none","section_padding":"section--vertical-padding-top-bottom","content_width":"custom","custom_content_width":700}},"collapsible-row-list-3":{"type":"collapsible-row-list","blocks":{"block-0":{"type":"item","settings":{"expand_by_default":false,"icon":"none","title":"What size am I?","text":"<p>To determine your appropriate size, kindly refer to our comprehensive size chart accessible on all product pages<\/p>"}},"block-1":{"type":"item","settings":{"expand_by_default":false,"icon":"none","title":"Do you have an in person store?","text":"<p>Currently, we exclusively operate as an online retailer and do not have any physical retail outlets.<br\/><\/p>"}}},"block_order":["block-0","block-1"],"settings":{"title":"","heading_font_class":"fs-heading-3-base","subheading":"","subheading_font_class":"fs-heading-5-base","heading_alignment":"left","item_heading_font":"body","enable_animation":false,"divider_style":"none","section_padding":"section--vertical-padding-bottom-only","content_width":"custom","custom_content_width":850}},"c2cb7742-82b1-4108-900c-cdfbf964983e":{"type":"rich-text","blocks":{"template--21626364100909__c2cb7742-82b1-4108-900c-cdfbf964983e-heading-1":{"type":"heading","settings":{"title":"Payments","heading_font_class":"fs-heading-2-base"}}},"block_order":["template--21626364100909__c2cb7742-82b1-4108-900c-cdfbf964983e-heading-1"],"settings":{"alignment":"center_center","enable_animation":true,"divider_style":"none","section_padding":"section--vertical-padding-top-bottom","content_width":"custom","custom_content_width":700}},"0553515c-9cac-4f5c-8676-7ac64a4bb28d":{"type":"collapsible-row-list","blocks":{"template--21626364100909__0553515c-9cac-4f5c-8676-7ac64a4bb28d-item-1":{"type":"item","settings":{"expand_by_default":false,"icon":"none","title":"What company are all payments directed to?","text":"<p>All payments made to us are directed to WORLD OF QONA. <\/p>"}},"template--21626364100909__0553515c-9cac-4f5c-8676-7ac64a4bb28d-item-4":{"type":"item","settings":{"expand_by_default":false,"icon":"none","title":"What are the accepted methods of payment?","text":"<p>At World Of Qona, we offer a diverse range of accepted payment methods, including major credit cards, debit cards, and UPI (Unified Payments Interface).<\/p>"}}},"block_order":["template--21626364100909__0553515c-9cac-4f5c-8676-7ac64a4bb28d-item-1","template--21626364100909__0553515c-9cac-4f5c-8676-7ac64a4bb28d-item-4"],"settings":{"title":"","heading_font_class":"fs-heading-3-base","subheading":"","subheading_font_class":"fs-heading-5-base","heading_alignment":"left","item_heading_font":"body","enable_animation":true,"divider_style":"none","section_padding":"section--vertical-padding-top-bottom","content_width":"custom","custom_content_width":850}},"rich-text-5":{"type":"rich-text","blocks":{"block-0":{"type":"heading","settings":{"title":"Didn't find your answer?","heading_font_class":"fs-heading-3-base"}},"block-1":{"type":"text","settings":{"text":"<p>Don't hesitate to contact us<\/p>","text_font_class":"fs-body-100"}},"block-2":{"type":"button","settings":{"link":"shopify:\/\/pages\/contact","link_text":"Contact us","button_style":"btn--primary"}},"block-3":{"type":"spacer","settings":{"space":12}}},"block_order":["block-0","block-1","block-2","block-3"],"settings":{"alignment":"center_center","enable_animation":true,"divider_style":"solid","section_padding":"section--vertical-padding-top-bottom","content_width":"custom","custom_content_width":700}}},"order":["main","rich-text-1","rich-text-2","collapsible-row-list-1","rich-text-3","collapsible-row-list-2","rich-text-4","collapsible-row-list-3","c2cb7742-82b1-4108-900c-cdfbf964983e","0553515c-9cac-4f5c-8676-7ac64a4bb28d","rich-text-5"]}