{"sections":{"main":{"type":"main-page","disabled":true,"settings":{"enable_animation":true,"content_width":"custom","custom_content_width":700}},"05f35c5c-bc7e-4769-a6c0-9f5b8501f661":{"type":"image-hero","blocks":{"template--21626364068141__05f35c5c-bc7e-4769-a6c0-9f5b8501f661-accent-1":{"type":"accent","settings":{"accent":"Get in Touch"}},"template--21626364068141__05f35c5c-bc7e-4769-a6c0-9f5b8501f661-heading-1":{"type":"heading","settings":{"title":"CONTACT US","heading_tag":"h2","heading_font_class":"fs-heading-display-3"}},"template--21626364068141__05f35c5c-bc7e-4769-a6c0-9f5b8501f661-text-1":{"type":"text","settings":{"text":"<p>Our executive will reach out to you shortly.<\/p>","text_font_class":"fs-body-100"}}},"block_order":["template--21626364068141__05f35c5c-bc7e-4769-a6c0-9f5b8501f661-accent-1","template--21626364068141__05f35c5c-bc7e-4769-a6c0-9f5b8501f661-heading-1","template--21626364068141__05f35c5c-bc7e-4769-a6c0-9f5b8501f661-text-1"],"disabled":true,"settings":{"image_aspect":"custom","desktop_height":55,"mobile_height":65,"focal_point":"top","mobile_focal_point":"image_presentation","media_link":"","text_position":"center_center","text_position_mobile":"center_center","text_color":"#ffffff","button_background_color":"#ffffff","button_text_color":"#000000","color_overlay":"#000000","color_overlay_gradient":"","overlay_opacity":40,"enable_animation":true,"section_padding":"section--vertical-padding-none"}},"6f7123cf-cfc7-4ae8-9aee-ff460b1deab3":{"type":"image-with-text","blocks":{"template--21626364068141__6f7123cf-cfc7-4ae8-9aee-ff460b1deab3-heading-1":{"type":"heading","settings":{"title":"Connect with us","heading_tag":"h2","heading_font_class":"fs-heading-display-3"}},"831d7c51-42f1-4c18-ade8-ff6dd5399af7":{"type":"border","settings":{}},"2622519f-229b-48f8-8ca7-23f8b840c950":{"type":"text","settings":{"text":"<p>Email: <a href=\"mailto:oodeypore@gmail.com\" title=\"mailto:oodeypore@gmail.com\">oodeypore@gmail.com<\/a><br\/>Phone: +91-098926 61887<br\/>Address: Ram Pratap Palace By Fateh Collection, Fateh Sagar Lake, Udaipur, India, Rajasthan<\/p>","text_font_class":"fs-body-100"}}},"block_order":["template--21626364068141__6f7123cf-cfc7-4ae8-9aee-ff460b1deab3-heading-1","831d7c51-42f1-4c18-ade8-ff6dd5399af7","2622519f-229b-48f8-8ca7-23f8b840c950"],"settings":{"image_position":"right","text_alignment":"left","image":"shopify:\/\/shop_images\/F654FF15-998D-4ECB-94A3-DCAA75B01DA9.jpg","aspect_ratio":"natural","focal_point":"image_presentation","image_caption":"","show_small_image":false,"image_small_aspect_ratio":"square","image_small_focal_point":"image_presentation","background_color":"","text_color":"#000000","button_background_color":"#000000","button_text_color":"#ffffff","enable_animation":true,"divider_style":"none","section_padding":"section--vertical-padding-top-bottom"}},"contact-form":{"type":"contact-form","blocks":{"block-0":{"type":"text","settings":{"title":"Name","required":true,"width":"half"}},"block-1":{"type":"email","settings":{"title":"Email","width":"half"}},"block-2":{"type":"text","settings":{"title":"Phone number","required":false,"width":"full"}},"block-3":{"type":"text_area","settings":{"title":"Message","placeholder":"Your message","required":true,"height":180,"width":"full"}},"block-4":{"type":"submit","settings":{"title":"Submit","size":"large","full_width":true}}},"block_order":["block-0","block-1","block-2","block-3","block-4"],"settings":{"alignment":"left_left","heading":"","heading_tag":"h2","heading_font_class":"fs-heading-2-base","text":"","show_recaptcha_terms":true,"enable_animation":true,"divider_style":"solid","section_padding":"section--vertical-padding-top-bottom","content_width":"custom","custom_content_width":850}},"rich-text-2":{"type":"rich-text","blocks":{"block-0":{"type":"heading","settings":{"title":"FAQ","heading_tag":"h2","heading_font_class":"fs-heading-3-base"}},"block-1":{"type":"text","settings":{"text":"<p>Below are some of are common questions:<\/p>","text_font_class":"fs-body-100"}}},"block_order":["block-0","block-1"],"disabled":true,"settings":{"alignment":"center_center","enable_animation":true,"divider_style":"none","section_padding":"section--vertical-padding-top-bottom","content_width":"custom","custom_content_width":700}},"collapsible-row-list":{"type":"collapsible-row-list","blocks":{"block-0":{"type":"item","settings":{"expand_by_default":false,"icon":"none","title":"How do I know if my order is confirmed?","text":"<p>This is an example of a response that you might give. It's good to be as thorough as possible in responses as that has a tendency to improve trust overall.<\/p>"}},"block-1":{"type":"item","settings":{"expand_by_default":false,"icon":"none","title":"Can I change my shipping address after my order is placed?","text":"<p>This is an example of a response that you might give. It's good to be as thorough as possible in responses as that has a tendency to improve trust overall.<\/p>"}},"block-2":{"type":"item","settings":{"expand_by_default":false,"icon":"none","title":"Do you ship internationally?","text":"<p>This is an example of a response that you might give. It's good to be as thorough as possible in responses as that has a tendency to improve trust overall.<\/p>"}},"block-3":{"type":"item","settings":{"expand_by_default":false,"icon":"none","title":"How long will it take until I receive my order?","text":"<p>This is an example of a response that you might give. It's good to be as thorough as possible in responses as that has a tendency to improve trust overall.<\/p>"}}},"block_order":["block-0","block-1","block-2","block-3"],"disabled":true,"settings":{"title":"","heading_tag":"h2","heading_font_class":"fs-heading-3-base","subheading":"","subheading_tag":"h3","subheading_font_class":"fs-heading-5-base","heading_alignment":"left","item_heading_font":"body","enable_animation":true,"divider_style":"none","section_padding":"section--vertical-padding-bottom-only","content_width":"custom","custom_content_width":850}}},"order":["main","05f35c5c-bc7e-4769-a6c0-9f5b8501f661","6f7123cf-cfc7-4ae8-9aee-ff460b1deab3","contact-form","rich-text-2","collapsible-row-list"]}