{"sections":{"main":{"type":"main-product--default","blocks":{"product_header":{"type":"product_header","settings":{"show_divider":false,"show_vendor":false,"show_sku":true,"show_discount":true,"discount_format":"percent_off","show_product_rating":false,"show_sale_badge":true,"show_custom_badges":true}},"variant_picker":{"type":"variant_picker","settings":{"variant_popup_option":"Size","variant_popup_icon":"none","variant_popup_text":"Size guide","variant_popup_page":"","swatch_size":"medium","chip_layout":"3col"}},"quantity_selector":{"type":"quantity_selector","settings":{"show_labels":true}},"inventory_counter":{"type":"inventory-counter","settings":{"label":"Availability","inventory_max":"40","low_inventory_threshold":"5","show_status_bar":true,"show_untracked_quantity":false}},"buy_buttons":{"type":"buy_buttons","settings":{"show_dynamic_checkout":true,"enable_sticky_atc_bar_desktop":false,"enable_sticky_atc_bar_mobile":false,"divider_width":"none"}},"description":{"type":"description","disabled":true,"settings":{"title":"Description","text_font_class":"fs-body-100","column_placement":"right","display_as_collapsible_row":false,"expand_by_default":false}},"share":{"type":"share","settings":{}}},"block_order":["product_header","variant_picker","quantity_selector","inventory_counter","buy_buttons","description","share"],"settings":{"enable_sticky_product_details":true,"show_breadcrumbs":false,"show_navigation_buttons":false,"gallery_style":"thumbnails","gallery_style_mobile":"carousel","gallery_size":"medium","gallery_overflow":"3","enable_video_looping":true,"enable_product_lightbox":true,"image_aspect_ratio":"natural","enable_multiple_variant_media":false,"enable_gift_card_recipient":true,"enable_animation":true}}},"order":["main"]}