{"sections":{"main":{"type":"main-product--quick","blocks":{"variant_picker":{"type":"variant_picker","settings":{"variant_popup_option":"Size","variant_popup_icon":"measuring-tape","variant_popup_text":"Size guide","variant_popup_page":"size-guide","swatch_size":"medium","chip_layout":"natural"}},"quantity_selector":{"type":"quantity_selector","disabled":true,"settings":{"show_labels":true}},"description":{"type":"description","settings":{"text_font_class":"fs-body-100"}}},"block_order":["variant_picker","quantity_selector","description"],"settings":{"show_featured_media_first":false,"image_aspect_ratio":"portrait","show_divider":true,"show_vendor":false,"show_sku":false,"show_discount":true,"discount_format":"percent_off","show_product_rating":false,"show_sale_badge":true,"show_custom_badges":true,"enable_gift_card_recipient":true}}},"order":["main"]}