{"sections":{"main":{"type":"main-product--default","blocks":{"product_header":{"type":"product_header","settings":{"show_divider":true,"show_vendor":false,"show_sku":false,"show_discount":true,"discount_format":"percent_off","show_product_rating":true,"show_sale_badge":true,"show_custom_badges":true}},"variant_picker":{"type":"variant_picker","settings":{"variant_popup_option":"Size","variant_popup_icon":"measuring-tape","variant_popup_text":"Size guide","variant_popup_page":"size-guide","swatch_size":"medium","chip_layout":"3col"}},"inventory_counter":{"type":"inventory-counter","settings":{"label":"Availability","inventory_max":"100","low_inventory_threshold":"40","show_status_bar":true,"show_untracked_quantity":false}},"quantity_selector":{"type":"quantity_selector","settings":{"show_labels":true}},"image_gakz6P":{"type":"image","settings":{"image":"shopify:\/\/shop_images\/last_chance_1366_x_350_px_1366_x_500_px_1366_x_390_px_-2.png","image_size":900,"image_size_mobile":700,"alignment":"left","column_placement":"right"}},"buy_buttons":{"type":"buy_buttons","settings":{"show_dynamic_checkout":true,"enable_sticky_atc_bar_desktop":true,"enable_sticky_atc_bar_mobile":true,"divider_width":"border--thin"}},"product_callouts-2":{"type":"product_callouts","disabled":true,"settings":{"title":"","title_tag":"h3","add_box":true,"add_dividers":true,"icon_1":"measuring-tape","text_1":"<p>Sizing or Dimensions<\/p>","icon_2":"cotton","text_2":"<p>Fabric Composition<\/p>","icon_3":"chat","text_3":"<p>Have questions? Contact us<\/p>","icon_4":"moving-truck","text_4":"","icon_5":"padlock","text_5":"","icon_6":"padlock","text_6":"","display_as_collapsible_row":false,"expand_by_default":false}},"share":{"type":"share","settings":{}},"accordion_RJ7TE9":{"type":"accordion","settings":{"expand_by_default":true,"column_placement":"left","heading":"Description","heading_tag":"h3","content":"{{ product.description }}","page_for_content":"","custom_liquid":""}}},"block_order":["product_header","variant_picker","inventory_counter","quantity_selector","image_gakz6P","buy_buttons","product_callouts-2","share","accordion_RJ7TE9"],"settings":{"enable_sticky_product_details":true,"show_breadcrumbs":false,"show_navigation_buttons":false,"show_featured_media_first":true,"gallery_style":"thumbnails","gallery_style_mobile":"carousel","gallery_size":"medium","gallery_overflow":"3","enable_video_looping":true,"enable_product_lightbox":false,"image_aspect_ratio":"portrait","enable_multiple_variant_media":false,"enable_mobile_carousel_looping":false,"show_mobile_carousel_images_full_width":false,"hide_mobile_carousel_dots":true,"enable_gift_card_recipient":true,"enable_animation":true}},"recommendations":{"type":"recommended-products","settings":{"title":"You may also like","subheading":"","maximum_products":8,"columns":"4","mobile_columns":"2","enable_animation":true,"divider_style":"none","section_padding":"section--vertical-padding-top-bottom"}},"173278908115da6f2a":{"type":"apps","settings":{"heading":"","enable_animation":true,"divider_style":"none","section_padding":"section--vertical-padding-top-bottom"}}},"order":["main","recommendations","173278908115da6f2a"]}