{"type":"footer","name":"t:groups.footer_group.name","sections":{"footer":{"type":"footer","blocks":{"footer-0":{"type":"text","settings":{"desktop_width":25,"desktop_padding":0,"collapse_on_mobile":true,"title":"","show_title_on_desktop":false,"text":"<p>At Oodeypore, we aim to show you a little bit of Udaipur through us, made by us with the labour of love.<\/p>","image":"shopify:\/\/shop_images\/Oodeypore_Logo_copy.png","image_max_width":180,"image_placement":"above_text","show_social_icons":true,"enable_follow_on_shop":false}},"footer-1":{"type":"spacer","settings":{"desktop_width":5}},"footer-2":{"type":"links","settings":{"desktop_width":15,"desktop_padding":4,"collapse_on_mobile":true,"title":"Quick Links","show_title_on_desktop":true,"link_list":"quick-links"}},"footer-3":{"type":"links","settings":{"desktop_width":25,"desktop_padding":4,"collapse_on_mobile":true,"title":"Support","show_title_on_desktop":true,"link_list":"footer"}},"footer-4":{"type":"newsletter","settings":{"desktop_width":30,"desktop_padding":0,"collapse_on_mobile":false,"title":"Be a part of #oodeyporefam!","show_title_on_desktop":true,"text":"","show_social_icons":true,"enable_follow_on_shop":true}}},"block_order":["footer-0","footer-1","footer-2","footer-3","footer-4"],"settings":{"enable_locale_selector":false,"enable_country_selector":true,"show_payment_icons":true,"additional_copyright_text":""}}},"order":["footer"]}