{"type":"header","name":"t:groups.header_group.name","sections":{"announcement-bar":{"type":"announcement-bar","blocks":{"announcement_EFkqnP":{"type":"announcement","disabled":true,"settings":{"title":"<p>FLAT 15% Off on Min Purchase of 3000<\/p>","title_mobile":"<p>FLAT 15% Off on Min Purchase of 3000<\/p>","link":""}},"announcement_4hWB9R":{"type":"announcement","disabled":true,"settings":{"title":"<p>FLAT 20% Off on Min Purchase of 4500<\/p>","title_mobile":"<p>FLAT 20% Off on Min Purchase of 4500<\/p>","link":""}},"announcement_HaRPTm":{"type":"announcement","settings":{"title":"<p>SALE | Site Wide 15% off<\/p>","title_mobile":"<p>SALE | Site Wide 15% off<\/p>","link":""}}},"block_order":["announcement_EFkqnP","announcement_4hWB9R","announcement_HaRPTm"],"settings":{"enable_sticky_announcement_bar":"desktop-and-mobile","autoplay_enabled":true,"autoplay_delay":3,"color_background":"#d7a645","color_text":"#ffffff"}},"header":{"type":"header","blocks":{"meganav-0":{"type":"full_width_meganav","settings":{"dropdown_parent_link":"curated Collection","column_count":2,"show_column_borders":true,"show_promo":true,"promo_width":700,"promo_height":400,"secondary_position":"right","image":"shopify:\/\/shop_images\/DSC8806.jpg","focal_point":"center","promo_text":"Newest Releases","link":"shopify:\/\/collections\/new-arrival","link_text":"Discover","text_position":"flex-start_flex-end","text_color":"#ffffff","color_overlay":"#000000","color_overlay_gradient":"linear-gradient(180deg, rgba(0, 0, 0, 0.1) 22%, rgba(0, 0, 0, 1) 96%)","overlay_opacity":33}},"3b75a12d-65f4-415e-bdec-0057a6d070b9":{"type":"compact_meganav","settings":{"dropdown_parent_link":"Accessories","columns_width":440,"column_count":2,"show_column_borders":true,"show_promo":true,"promo_width":440,"promo_height":250,"secondary_position":"right","focal_point":"image_presentation","promo_text":"Newest Releases","link":"shopify:\/\/collections\/clothing","link_text":"Discover","text_position":"flex-start_flex-end","text_color":"#ffffff","color_overlay":"#000000","color_overlay_gradient":"","overlay_opacity":30}}},"block_order":["meganav-0","3b75a12d-65f4-415e-bdec-0057a6d070b9"],"settings":{"layout":"logo-center_nav-below","enable_sticky_header":true,"cart_icon":"bag","divider_width":"0px","enable_locale_selector":false,"enable_country_selector":true,"show_social_media":false,"show_social_media_mobile":true,"logo":"shopify:\/\/shop_images\/Logo_new.png","logo_width":180,"mobile_logo_width":150,"menu":"main-menu","secondary_menu":"","enable_transparent_on_home":false,"enable_transparent_template_list":"","color_text_transparent":"#ffffff","color_count_transparent":"#000000"}}},"order":["announcement-bar","header"]}